"Fuel and Month Wise Data for Delhi (2016-2018)"\n\nFuel,2016-Jan,2016-Feb,2016-Mar,2016-Apr,2016-May,2016-Jun,2016-Jul,2016-Aug,2016-Sep,2016-Oct,2016-Nov,2016-Dec,2017-Jan,2017-Feb,2017-Mar,2017-Apr,2017-May,2017-Jun,2017-Jul,2017-Aug,2017-Sep,2017-Oct,2017-Nov,2017-Dec,2018-Jan,2018-Feb,2018-Mar,2018-Apr,2018-May,2018-Jun,2018-Jul,2018-Aug,2018-Sep,2018-Oct,2018-Nov,2018-Dec,Total
BIO-CNG/BIO-GAS,0,0,0,0,0,0,0,0,0,0,0,0,0,0,0,0,0,0,0,0,0,0,0,0,0,0,0,0,0,0,0,0,0,0,0,0,0
CNG ONLY,1054,996,1151,664,916,827,848,875,913,1093,880,538,847,991,1172,1092,945,1000,949,918,1025,1386,1393,1042,1654,1511,1465,1657,1360,1259,1342,1401,1669,2009,1712,1725,42279
DI-METHYL ETHER,0,0,0,0,0,0,0,0,0,0,0,0,0,0,0,0,0,0,0,0,0,0,0,0,0,0,0,0,0,0,0,0,0,0,0,0,0
DIESEL,1037,1303,1388,1441,1622,1225,1396,1319,1238,2382,1417,1504,2079,2176,2401,1981,2080,2759,2284,2482,2687,2621,2384,2220,3064,2483,2557,2343,2342,2561,2345,2253,1836,2161,2050,1923,73344
DIESEL/HYBRID,78,135,150,216,219,222,313,352,225,570,246,454,536,649,773,537,545,770,242,106,168,186,184,172,179,139,149,147,167,132,100,109,92,107,89,129,9587
DUAL DIESEL/BIO CNG,0,0,0,0,0,0,0,0,0,0,0,0,0,0,0,0,0,0,0,0,0,0,0,0,0,0,0,0,0,0,0,0,0,0,0,0,0
DUAL DIESEL/CNG,0,0,0,0,0,0,0,0,0,0,0,0,0,0,0,0,0,0,0,0,0,0,0,0,0,0,0,0,0,0,0,0,0,0,0,0,0
DUAL DIESEL/LNG,0,0,0,0,0,0,0,0,0,0,0,0,0,0,0,0,0,0,0,0,0,0,0,0,0,0,0,0,0,0,0,0,0,0,0,0,0
ELECTRIC(BOV),1089,1388,2621,1323,1592,1945,1858,2192,1592,2690,1695,1694,1628,1660,1633,1311,1466,1226,1530,1456,1526,1094,1743,1573,1919,1498,1434,1491,1409,1288,1612,1889,2216,2377,1929,1840,60427
ETHANOL(E100),0,0,0,0,0,0,0,0,0,0,0,0,0,0,0,0,0,0,0,0,0,0,0,0,0,0,0,0,0,0,0,0,0,0,0,0,0
FLEX-FUEL(BIO-DIESEL),0,0,0,0,0,0,0,0,0,0,0,0,0,0,0,0,0,0,0,0,0,0,0,0,0,0,0,0,0,0,0,0,0,0,0,0,0
FLEX-FUEL(ETHANOL),0,0,0,0,0,0,0,0,0,0,0,0,0,0,0,0,0,0,0,0,0,0,0,0,0,0,0,0,0,0,0,0,0,0,0,0,0
FUEL CELL HYDROGEN,0,0,0,0,0,0,0,0,0,0,0,0,0,0,0,0,0,0,0,0,0,0,0,0,0,0,0,0,0,0,0,0,0,0,0,0,0
HCNG,0,0,0,0,0,0,0,0,0,0,0,0,0,0,0,0,0,0,0,0,0,0,0,0,0,0,0,0,0,0,0,0,0,0,0,0,0
HYDROGEN(ICE),0,0,0,0,0,0,0,0,0,0,0,0,0,0,0,0,0,0,0,0,0,0,0,0,0,0,0,0,0,0,0,0,0,0,0,0,0
LNG,0,0,0,0,0,0,0,0,0,0,0,0,0,0,0,0,0,0,0,0,0,0,0,0,0,0,0,0,0,0,0,0,0,0,0,0,0
LPG ONLY,0,0,0,0,1,0,0,0,0,0,0,0,0,0,0,0,0,0,0,0,0,0,0,0,0,0,0,0,0,0,0,0,0,0,0,0,1
METHANOL,0,0,0,0,0,0,0,0,0,0,0,0,0,0,0,0,0,0,0,0,0,0,0,0,0,0,0,0,0,0,0,0,0,0,0,0,0
NOT APPLICABLE,0,0,83,0,0,0,0,0,0,0,0,0,0,0,0,0,0,0,0,0,0,0,0,0,0,0,0,0,0,0,0,0,0,0,0,0,83
PETROL,46733,42763,40563,47498,44814,42114,45184,42485,36042,66459,61056,28248,53349,45175,47300,46367,46376,46493,45526,44212,43671,73943,53220,31002,55646,43691,47753,48634,48808,45191,49263,50679,41234,47714,70877,35112,1705195
PETROL(E20),0,0,0,0,0,0,0,0,0,0,0,0,0,0,0,0,0,0,0,0,0,0,0,0,0,0,0,0,0,0,0,0,0,0,0,0,0
PETROL(E20)/CNG,0,0,0,0,0,0,0,0,0,0,0,0,0,0,0,0,0,0,0,0,0,0,0,0,0,1,0,0,0,0,0,0,0,0,2,0,3
PETROL(E20)/HYBRID,0,0,0,0,0,0,0,0,0,0,0,0,0,0,0,0,0,0,0,0,0,0,0,0,0,0,0,0,0,0,0,0,0,0,0,0,0
PETROL(E20)/HYBRID/CNG,0,0,0,0,0,0,0,0,0,0,0,0,0,0,0,0,0,0,0,0,0,0,0,0,0,0,0,0,0,0,0,0,0,0,0,0,0
PETROL(E20)/LPG,0,0,0,0,0,0,0,0,0,0,0,0,0,0,0,0,0,0,0,0,0,0,0,0,0,0,0,0,0,0,0,0,0,0,0,0,0
PETROL/CNG,5374,6297,7336,5888,6719,6535,6491,6266,5271,7148,3653,5057,6116,5368,5762,4000,3683,4250,3430,3656,4131,4026,5655,5712,7416,6230,4673,4053,4668,4901,4730,4408,3359,4479,4531,5122,186394
PETROL/HYBRID,24,27,27,35,62,78,47,31,38,38,28,44,31,46,64,65,52,88,11,12,9,9,6,8,15,19,26,14,10,13,10,67,317,345,394,955,3065
PETROL/HYBRID/CNG,0,0,0,0,0,0,0,0,0,0,0,0,0,0,0,0,0,0,0,0,0,0,0,0,0,0,0,0,0,0,0,1,3,1,5,22,32
PETROL/LPG,0,0,0,1,0,0,0,0,0,0,1,0,0,0,1,1,0,0,1,0,0,0,0,0,0,0,0,0,0,0,0,0,0,0,0,0,5
PETROL/METHANOL,0,0,0,0,0,0,0,0,0,0,0,0,0,0,0,0,0,0,0,0,0,0,0,0,0,0,0,0,0,0,0,0,0,0,0,0,0
PLUG-IN HYBRID EV,0,0,0,0,0,0,0,0,0,0,0,0,0,0,0,0,0,0,0,0,0,0,0,0,0,0,0,0,0,0,0,0,0,0,0,0,0
PURE EV,0,0,0,0,0,0,0,0,0,0,0,0,0,0,0,0,0,0,0,0,0,0,0,0,0,0,0,0,0,0,0,0,0,0,0,0,0
SOLAR,0,0,0,0,0,0,0,0,0,0,0,0,0,0,0,0,0,0,0,0,0,0,0,0,0,0,0,0,0,0,0,0,0,0,0,0,0
STRONG HYBRID EV,0,0,0,0,0,0,0,0,0,0,0,0,0,0,0,0,0,0,0,0,0,0,0,0,0,0,0,0,0,0,0,0,0,0,0,0,0
Total,55389,52909,53319,57066,55945,52946,56137,53520,45319,80380,68976,37539,64586,56065,59106,55354,55147,56586,53973,52842,53217,83265,64585,41729,69893,55572,58057,58339,58764,55345,59402,60807,50726,59193,81589,46828,2080415
