"Fuel and Month Wise Data for Odisha (2022-2024)"\n\nFuel,2022-Jan,2022-Feb,2022-Mar,2022-Apr,2022-May,2022-Jun,2022-Jul,2022-Aug,2022-Sep,2022-Oct,2022-Nov,2022-Dec,2023-Jan,2023-Feb,2023-Mar,2023-Apr,2023-May,2023-Jun,2023-Jul,2023-Aug,2023-Sep,2023-Oct,2023-Nov,2023-Dec,2024-Jan,2024-Feb,2024-Mar,2024-Apr,2024-May,2024-Jun,2024-Jul,2024-Aug,2024-Sep,2024-Oct,2024-Nov,2024-Dec,Total
BIO-CNG/BIO-GAS,0,0,0,0,0,0,0,0,0,0,0,0,0,0,0,0,0,0,0,0,0,0,0,0,0,0,0,0,0,0,0,0,0,0,0,0,0
CNG ONLY,35,31,77,60,62,71,89,85,126,122,123,118,104,105,146,120,140,145,157,192,206,235,183,159,172,170,196,203,201,191,236,206,217,340,245,249,5517
DI-METHYL ETHER,0,0,0,0,0,0,0,0,0,0,0,0,0,0,0,0,0,0,0,0,0,0,0,0,0,0,0,0,0,0,0,0,0,0,0,0,0
DIESEL,4826,4243,5243,5214,4997,5681,5581,4724,4849,5445,5588,5389,6002,5585,6855,5943,6383,5876,6863,6495,6242,7273,8007,7401,7745,8300,8370,7319,6766,6598,8036,6670,5376,8395,7104,6193,227577
DIESEL/HYBRID,0,0,0,0,0,0,1,1,1,2,4,0,2,1,2,1,0,3,3,5,6,7,4,7,7,9,6,7,3,1,7,7,10,5,7,6,125
DUAL DIESEL/BIO CNG,0,0,0,0,0,0,0,0,0,0,0,0,0,0,0,0,0,0,0,0,0,0,0,0,0,0,0,0,0,0,0,0,0,0,0,0,0
DUAL DIESEL/CNG,0,0,0,0,0,0,0,0,0,0,0,0,0,0,0,0,0,0,0,0,0,0,0,0,0,0,0,0,0,0,0,0,0,0,0,0,0
DUAL DIESEL/LNG,0,0,0,0,0,0,0,0,0,0,0,0,0,0,0,0,0,0,0,0,0,0,0,0,0,0,0,0,0,0,0,0,0,0,0,0,0
ELECTRIC(BOV),1470,1382,2606,2449,1904,1903,2040,2217,2431,3978,3318,2745,2821,2867,3655,3195,4246,2640,3361,3317,3613,4739,5065,5023,4443,4419,7914,4622,4618,3480,4258,3361,2210,3340,2624,1533,119807
ETHANOL(E100),0,0,0,0,0,0,0,0,0,0,0,0,0,0,0,0,0,0,0,0,0,0,0,0,0,0,0,0,0,0,0,0,0,0,0,2,2
FLEX-FUEL(BIO-DIESEL),0,0,0,0,0,0,0,0,0,0,0,0,0,0,0,0,0,0,0,0,0,0,0,0,0,0,0,0,0,0,0,0,0,0,0,0,0
FLEX-FUEL(ETHANOL),0,0,0,0,0,0,0,0,0,0,0,0,0,0,0,0,0,0,0,0,0,0,0,0,0,0,0,0,0,0,0,0,0,0,0,0,0
FUEL CELL HYDROGEN,0,0,0,0,0,0,0,0,0,0,0,0,0,0,0,0,0,0,0,0,0,0,0,0,0,0,0,0,0,0,0,0,0,0,0,0,0
HCNG,0,0,0,0,0,0,0,0,0,0,0,0,0,0,0,0,0,0,0,0,0,0,0,0,0,0,0,0,0,0,0,0,0,0,0,0,0
HYDROGEN(ICE),0,0,0,0,0,0,0,0,0,0,0,0,0,0,0,0,0,0,0,0,0,0,0,0,0,0,0,0,0,0,0,0,0,0,0,0,0
LNG,0,0,0,0,0,0,0,0,0,0,0,0,0,0,0,0,0,0,0,0,0,0,0,0,0,0,0,0,0,0,0,0,0,0,0,0,0
LPG ONLY,0,0,0,0,0,0,0,0,0,0,0,0,0,0,0,0,0,0,0,0,0,0,0,0,0,0,0,0,0,0,0,0,0,0,0,0,0
METHANOL,0,0,0,0,0,0,0,0,0,0,0,0,0,0,0,0,0,0,0,0,0,0,0,0,0,0,0,0,0,0,0,0,0,0,0,0,0
NOT APPLICABLE,174,317,270,313,255,185,182,216,153,121,216,226,193,243,209,226,221,120,167,177,180,194,233,222,197,223,211,212,183,141,137,136,102,162,187,191,7095
PETROL,48998,44451,50099,46188,40652,41796,34726,32725,38263,73476,39663,40505,49799,50542,52877,43705,43771,43742,38152,36197,45331,70883,61845,47462,52457,55747,64457,55812,50365,46701,44195,35531,34588,85914,51036,37612,1730263
PETROL(E20),0,0,0,0,0,0,0,0,0,0,1,0,0,92,864,994,1024,1325,1240,1387,1788,2895,2389,1816,2191,2194,2869,2377,1942,1916,1760,1624,1608,3584,1974,1549,41403
PETROL(E20)/CNG,0,0,0,0,0,0,0,0,0,0,0,0,1,0,0,0,0,0,0,0,0,0,0,0,0,0,0,1,0,0,0,0,0,1,0,0,3
PETROL(E20)/HYBRID,0,0,0,0,0,0,0,0,0,0,0,0,0,0,0,0,0,0,0,0,0,0,0,0,0,0,0,0,0,0,0,0,0,0,0,0,0
PETROL(E20)/HYBRID/CNG,0,0,0,0,0,0,0,0,0,0,0,0,0,0,0,0,0,0,0,0,0,0,0,0,0,0,0,0,0,0,0,0,0,0,0,0,0
PETROL(E20)/LPG,0,0,0,0,0,0,0,0,0,0,0,0,0,0,0,0,0,0,0,0,0,0,0,0,0,0,0,0,0,0,0,0,0,0,0,0,0
PETROL/CNG,137,114,141,126,164,185,161,147,174,176,213,236,194,124,148,140,230,262,281,243,272,352,279,319,217,185,231,280,325,291,449,337,347,647,421,374,8922
PETROL/HYBRID,427,353,273,272,573,388,428,600,597,756,758,939,845,761,887,711,791,744,621,640,647,918,689,711,808,810,903,691,703,678,783,566,620,1300,673,624,24488
PETROL/HYBRID/CNG,0,0,0,0,0,0,0,0,0,1,0,0,0,0,0,0,1,0,0,0,0,0,1,0,1,2,0,0,0,0,0,0,0,0,0,0,6
PETROL/LPG,0,0,0,0,0,0,0,0,0,0,0,0,0,0,0,0,0,0,0,0,0,0,0,0,0,0,0,0,0,0,0,0,0,0,0,0,0
PETROL/METHANOL,0,0,0,0,0,0,0,0,0,0,0,0,0,0,0,0,0,0,0,0,0,0,0,0,0,0,0,0,0,0,0,0,0,0,0,0,0
PLUG-IN HYBRID EV,0,0,0,0,0,0,0,0,0,0,0,0,0,0,0,0,0,0,0,0,0,0,0,0,0,0,0,0,0,0,0,0,0,0,0,0,0
PURE EV,0,0,0,0,0,0,0,0,0,0,0,0,0,0,0,0,0,0,0,0,0,0,0,0,0,0,1,27,827,1158,1965,1815,2086,4442,3617,2547,18485
SOLAR,0,0,0,0,0,0,0,0,0,0,0,0,0,0,0,0,0,0,0,0,0,0,0,0,0,0,0,0,0,0,0,0,0,0,0,0,0
STRONG HYBRID EV,0,0,0,0,0,0,0,0,0,0,0,0,0,0,0,0,0,0,0,0,0,0,0,0,0,0,10,32,29,41,101,81,66,123,90,87,660
Total,56067,50891,58709,54622,48607,50209,43208,40715,46594,84077,49884,50158,59961,60320,65643,55035,56807,54857,50845,48653,58285,87496,78695,63120,68238,72059,85168,71583,65962,61196,61927,50334,47230,108253,67978,50967,2184353
