"Fuel and Month Wise Data for Haryana (2016-2018)"\n\nFuel,2016-Jan,2016-Feb,2016-Mar,2016-Apr,2016-May,2016-Jun,2016-Jul,2016-Aug,2016-Sep,2016-Oct,2016-Nov,2016-Dec,2017-Jan,2017-Feb,2017-Mar,2017-Apr,2017-May,2017-Jun,2017-Jul,2017-Aug,2017-Sep,2017-Oct,2017-Nov,2017-Dec,2018-Jan,2018-Feb,2018-Mar,2018-Apr,2018-May,2018-Jun,2018-Jul,2018-Aug,2018-Sep,2018-Oct,2018-Nov,2018-Dec,Total
BIO-CNG/BIO-GAS,0,0,0,0,0,0,1,0,0,0,0,0,0,0,0,0,0,0,0,0,0,0,0,0,0,0,0,0,0,0,0,0,0,0,0,0,1
CNG ONLY,425,508,346,486,456,475,362,400,634,365,409,218,253,366,456,168,335,345,284,166,300,292,423,324,389,398,398,406,524,332,375,395,305,392,408,454,13572
DI-METHYL ETHER,0,0,0,0,0,0,0,0,0,0,0,0,0,0,0,0,0,0,0,0,0,0,0,0,0,0,0,0,0,0,0,0,0,0,0,0,0
DIESEL,9865,9284,10223,9195,10510,9029,8374,8412,8574,7912,10039,7499,9454,9785,14150,8188,11471,9151,9298,8675,10595,10121,12523,11472,13746,11992,13037,10746,14946,11419,11750,11324,10472,9794,10027,11492,374544
DIESEL/HYBRID,0,1,3,3,8,8,7,9,6,15,5,9,15,17,24,27,76,108,340,277,273,300,371,288,391,325,337,265,301,244,331,277,207,197,199,217,5481
DUAL DIESEL/BIO CNG,0,0,0,0,0,0,0,0,0,0,0,0,0,0,0,0,0,0,0,0,0,0,0,0,0,0,0,0,0,0,0,0,0,0,0,0,0
DUAL DIESEL/CNG,0,0,0,0,0,0,0,0,0,0,0,0,0,0,0,0,1,0,0,0,0,1,0,0,0,0,1,0,0,0,0,0,0,0,0,0,3
DUAL DIESEL/LNG,0,0,0,0,0,0,0,0,0,0,0,0,0,0,0,0,0,0,0,0,0,0,0,0,0,0,0,0,0,0,0,0,0,0,0,0,0
ELECTRIC(BOV),12,54,69,30,67,100,125,141,173,214,209,184,141,159,202,35,159,167,173,195,252,298,397,311,254,277,289,240,337,274,287,479,456,422,641,669,8492
ETHANOL(E100),0,0,0,0,0,0,0,0,0,0,0,0,0,0,0,0,0,0,0,0,0,0,0,0,0,0,0,0,0,0,0,0,0,0,0,0,0
FLEX-FUEL(BIO-DIESEL),0,0,0,2,0,0,0,0,0,0,0,0,0,0,0,1,0,0,0,0,0,0,0,0,0,0,0,0,0,0,0,0,0,0,0,0,3
FLEX-FUEL(ETHANOL),0,0,0,0,0,0,0,0,0,0,0,0,0,0,0,0,0,0,0,0,0,0,0,0,0,0,0,0,0,0,0,0,0,0,0,0,0
FUEL CELL HYDROGEN,0,0,0,0,0,0,0,0,0,0,0,0,0,0,0,0,0,0,0,0,0,0,0,0,0,0,0,0,0,0,0,0,0,0,0,0,0
HCNG,0,0,0,0,0,0,0,0,0,0,0,0,0,0,0,0,0,0,0,0,0,0,0,0,0,0,0,0,0,0,0,0,0,0,0,0,0
HYDROGEN(ICE),0,0,0,0,0,0,0,0,0,0,0,0,0,0,0,0,0,0,0,0,0,0,0,0,0,0,0,0,0,0,0,0,0,0,0,0,0
LNG,0,0,0,0,0,0,0,0,0,0,0,0,0,0,2,0,0,0,0,0,0,0,0,0,0,0,0,0,0,1,0,0,0,0,0,0,3
LPG ONLY,1,1,0,0,1,0,0,0,0,0,0,0,0,1,0,0,0,0,0,0,0,0,0,0,0,0,0,0,0,0,0,0,0,0,0,0,4
METHANOL,0,0,0,0,0,0,0,0,0,0,0,0,0,0,0,0,0,0,0,0,0,0,0,0,0,0,0,0,0,0,0,0,0,0,0,0,0
NOT APPLICABLE,518,838,809,670,822,872,745,750,825,603,961,951,785,785,1033,692,861,735,452,0,12,8,11,0,1,2,2,16,0,45,1,14,7,2,0,1,14829
PETROL,35653,42365,42892,38414,46848,42097,40576,43802,41334,39199,62245,39007,40554,41209,59696,43694,48042,35235,37194,40951,49476,48173,74938,54809,54445,49136,52245,42117,63127,47784,55475,57114,49500,45726,58717,74240,1738029
PETROL(E20),0,0,0,0,0,0,0,0,0,0,0,0,0,0,0,0,0,0,0,0,0,0,0,0,0,0,0,0,0,0,0,0,0,0,0,0,0
PETROL(E20)/CNG,0,0,0,0,0,0,0,0,0,0,0,1,0,0,0,0,0,0,0,0,0,0,0,0,0,0,2,1,0,0,0,2,0,0,0,1,7
PETROL(E20)/HYBRID,0,0,0,0,0,0,0,0,0,0,0,0,0,0,0,0,0,0,0,0,0,0,0,0,0,0,0,0,0,0,0,0,0,0,0,0,0
PETROL(E20)/HYBRID/CNG,0,0,0,0,0,0,0,0,0,0,0,0,0,0,0,0,0,0,0,0,0,0,0,0,0,0,0,0,0,0,0,0,0,0,0,0,0
PETROL(E20)/LPG,0,0,0,0,0,0,0,0,0,0,0,0,1,0,0,0,0,0,0,1,0,0,0,0,0,0,0,0,0,0,0,0,0,0,0,1,3
PETROL/CNG,2413,2971,2701,3408,3476,3370,3720,3767,4309,3063,3067,2264,3531,3137,3557,1823,3142,2104,2337,1932,2272,2600,3510,2277,3728,3333,4100,3196,4126,3564,4396,4968,4409,4276,3748,4636,119231
PETROL/HYBRID,0,0,0,1,1,1,2,1,0,0,1,0,1,3,1,2,1,0,0,5,7,3,6,1,5,2,10,17,10,37,13,20,105,172,203,282,913
PETROL/HYBRID/CNG,0,0,0,0,0,0,0,0,0,0,0,0,0,0,0,0,0,0,0,0,0,0,0,0,0,0,0,0,0,1,0,0,1,1,3,1,7
PETROL/LPG,63,53,73,51,59,53,73,60,85,75,90,60,93,94,100,41,51,42,48,24,36,29,31,42,48,43,43,28,70,39,49,43,38,33,43,40,1943
PETROL/METHANOL,0,0,0,0,0,0,0,0,0,0,0,0,0,0,0,0,0,0,0,0,0,0,0,0,0,0,0,0,0,0,0,0,0,0,0,0,0
PLUG-IN HYBRID EV,0,0,0,0,0,0,0,0,0,0,0,0,0,0,0,0,0,0,0,0,0,0,0,0,0,0,0,0,0,0,0,0,0,0,0,0,0
PURE EV,0,0,0,0,0,0,0,0,0,0,0,0,0,0,0,0,0,0,0,0,0,0,0,0,0,0,0,0,0,0,0,0,0,0,0,0,0
SOLAR,1,1,1,1,1,3,2,0,1,2,3,1,2,1,3,1,1,0,0,0,0,0,2,0,0,0,0,0,0,0,0,0,0,0,0,0,27
STRONG HYBRID EV,0,0,0,0,0,0,0,0,0,0,0,0,0,0,0,0,0,0,0,0,0,0,0,0,0,0,0,0,0,0,0,0,0,0,0,0,0
Total,48951,56076,57117,52261,62249,56008,53987,57342,55941,51448,77029,50194,54830,55557,79224,54672,64140,47887,50126,52226,63223,61825,92212,69524,73007,65508,70464,57032,83441,63740,72677,74636,65500,61015,73989,92034,2277092
