"Fuel and Month Wise Data for Himachal Pradesh (2022-2024)"\n\nFuel,2022-Jan,2022-Feb,2022-Mar,2022-Apr,2022-May,2022-Jun,2022-Jul,2022-Aug,2022-Sep,2022-Oct,2022-Nov,2022-Dec,2023-Jan,2023-Feb,2023-Mar,2023-Apr,2023-May,2023-Jun,2023-Jul,2023-Aug,2023-Sep,2023-Oct,2023-Nov,2023-Dec,2024-Jan,2024-Feb,2024-Mar,2024-Apr,2024-May,2024-Jun,2024-Jul,2024-Aug,2024-Sep,2024-Oct,2024-Nov,2024-Dec,Total
BIO-CNG/BIO-GAS,0,0,0,0,0,0,0,0,0,0,0,0,0,0,0,0,0,0,0,0,0,0,0,0,0,0,0,0,0,0,0,0,0,0,0,0,0
CNG ONLY,12,19,9,14,26,15,4,2,5,3,3,4,2,0,2,11,2,3,3,25,4,3,2,3,3,5,3,7,8,3,6,4,6,4,7,14,246
DI-METHYL ETHER,0,0,0,0,0,0,0,0,0,0,0,0,0,0,0,0,0,0,0,0,0,0,0,0,0,0,0,0,0,0,0,0,0,0,0,0,0
DIESEL,944,1348,1500,1472,1461,1435,1706,1601,1441,1401,1425,1465,1412,1386,1481,1593,1530,1769,1502,1716,1614,1387,1339,1602,1742,1673,1766,1997,2098,1533,1871,1899,1657,1545,1805,1605,56721
DIESEL/HYBRID,1,0,0,0,0,0,2,1,3,3,3,2,3,1,4,2,4,7,4,3,4,6,6,6,3,8,8,8,11,9,8,6,7,4,8,5,150
DUAL DIESEL/BIO CNG,0,0,0,0,0,0,0,0,0,0,0,0,0,0,0,0,0,0,0,0,0,0,0,0,0,0,0,0,0,0,0,0,0,0,0,0,0
DUAL DIESEL/CNG,0,0,0,0,0,0,0,0,0,0,0,0,0,0,0,0,0,0,0,0,0,0,0,0,0,0,0,0,0,0,0,0,0,0,0,0,0
DUAL DIESEL/LNG,0,0,0,0,0,0,0,0,0,0,0,0,0,0,0,0,0,0,0,0,0,0,0,0,0,0,0,0,0,0,0,0,0,0,0,0,0
ELECTRIC(BOV),27,63,65,110,77,108,98,66,73,82,139,108,87,90,105,112,158,81,76,80,80,61,83,131,108,97,140,110,144,131,154,113,90,94,91,93,3525
ETHANOL(E100),0,0,0,0,0,0,0,0,0,0,0,0,0,0,0,0,0,0,0,0,0,0,0,0,0,0,0,0,0,0,0,0,0,0,0,0,0
FLEX-FUEL(BIO-DIESEL),0,0,0,0,0,0,0,0,0,0,0,0,0,0,0,0,0,0,0,0,0,0,0,0,0,0,0,0,0,0,0,0,0,0,0,0,0
FLEX-FUEL(ETHANOL),0,0,0,0,0,0,0,0,0,0,0,0,0,0,0,0,0,0,0,0,0,0,0,0,0,0,0,0,0,0,0,0,0,0,0,0,0
FUEL CELL HYDROGEN,0,0,0,0,0,0,0,0,0,0,0,0,0,0,0,0,0,0,0,0,0,0,0,0,0,0,0,0,0,0,0,0,0,0,0,0,0
HCNG,0,0,0,0,0,0,0,0,0,0,0,0,0,0,0,0,0,0,0,0,0,0,0,0,0,0,0,0,0,0,0,0,0,0,0,0,0
HYDROGEN(ICE),0,0,0,0,0,0,0,0,0,0,0,0,0,0,0,0,0,0,0,0,0,0,0,0,0,0,0,0,0,0,0,0,0,0,0,0,0
LNG,0,0,0,0,0,0,0,0,0,0,0,0,0,0,0,0,0,0,0,0,0,0,0,0,0,0,0,0,0,0,0,0,0,0,0,0,0
LPG ONLY,0,0,0,0,0,0,0,0,0,0,0,0,0,0,0,0,0,0,0,0,0,0,0,0,0,0,0,0,0,0,0,0,0,0,0,0,0
METHANOL,0,0,0,0,0,0,0,0,0,0,0,0,0,0,0,0,0,0,0,0,0,0,0,0,0,0,0,0,0,0,0,0,0,0,0,0,0
NOT APPLICABLE,0,0,0,0,0,1,0,0,0,0,0,0,0,0,0,0,0,0,0,1,0,0,0,0,0,0,0,0,0,0,0,0,0,0,0,0,2
PETROL,6280,7187,6493,7317,8424,8608,8495,8230,6313,8345,13536,10086,7845,8007,7422,7898,7953,7812,8410,8319,8179,6831,9469,14547,9902,8611,7757,8230,9494,7431,8919,9638,7571,9770,16206,13180,318715
PETROL(E20),0,0,0,0,0,0,0,0,0,0,0,0,0,1,27,69,79,115,145,128,175,165,256,249,140,160,139,150,228,182,208,254,197,214,404,286,3971
PETROL(E20)/CNG,0,0,0,0,0,0,0,0,0,0,0,0,1,0,0,0,0,0,0,0,0,0,0,0,0,0,0,0,0,0,0,0,0,0,0,0,1
PETROL(E20)/HYBRID,0,0,0,0,0,0,0,0,0,0,0,0,0,0,0,0,0,0,0,0,0,0,0,0,0,0,0,0,0,0,0,0,0,0,0,0,0
PETROL(E20)/HYBRID/CNG,0,0,0,0,0,0,0,0,0,0,0,0,0,0,0,0,0,0,0,0,0,0,0,0,0,0,0,0,0,0,0,0,0,0,0,0,0
PETROL(E20)/LPG,0,0,0,0,0,0,0,0,0,0,0,0,0,0,0,0,0,0,0,0,0,0,0,0,0,0,0,0,0,0,0,0,0,0,0,0,0
PETROL/CNG,19,29,18,20,25,20,21,18,16,24,15,17,19,14,11,5,10,19,24,29,29,18,22,32,40,25,24,32,32,35,59,30,35,42,44,36,908
PETROL/HYBRID,33,44,39,34,56,65,96,149,174,221,265,248,302,315,332,401,419,392,405,333,282,205,230,304,335,375,402,403,450,318,392,337,288,358,588,319,9909
PETROL/HYBRID/CNG,0,0,0,0,0,0,0,0,0,0,0,0,0,0,0,1,0,0,0,0,0,0,0,0,0,0,0,0,0,0,0,0,0,0,0,0,1
PETROL/LPG,0,0,0,0,0,0,0,0,0,0,0,0,0,0,0,0,0,0,0,0,0,0,0,0,0,0,0,0,0,0,0,0,0,0,0,0,0
PETROL/METHANOL,0,0,0,0,0,0,0,0,0,0,0,0,0,0,0,0,0,0,0,0,0,0,0,0,0,0,0,0,0,0,0,0,0,0,0,0,0
PLUG-IN HYBRID EV,0,0,0,0,0,0,0,0,0,0,0,0,0,0,0,0,0,0,0,0,0,0,0,0,0,0,0,0,0,0,1,0,0,0,0,0,1
PURE EV,0,0,0,0,0,0,0,0,0,0,0,0,0,0,0,0,0,0,0,0,0,0,0,0,0,0,0,0,2,16,32,40,62,64,91,93,400
SOLAR,0,0,0,0,0,0,0,0,0,0,0,0,0,0,0,0,0,0,0,0,0,0,0,0,0,0,0,0,0,0,0,0,0,0,0,0,0
STRONG HYBRID EV,0,0,0,0,0,0,0,0,0,0,0,0,0,0,0,0,0,0,0,0,0,0,0,0,0,0,1,22,28,23,40,48,43,50,59,39,353
Total,7316,8690,8124,8967,10069,10252,10422,10067,8025,10079,15386,11930,9671,9814,9384,10092,10155,10198,10569,10634,10367,8676,11407,16874,12273,10954,10240,10959,12495,9681,11690,12369,9956,12145,19303,15670,394903
