"Fuel and Month Wise Data for Telangana (2016-2018)"\n\nFuel,2016-Jan,2016-Feb,2016-Mar,2016-Apr,2016-May,2016-Jun,2016-Jul,2016-Aug,2016-Sep,2016-Oct,2016-Nov,2016-Dec,2017-Jan,2017-Feb,2017-Mar,2017-Apr,2017-May,2017-Jun,2017-Jul,2017-Aug,2017-Sep,2017-Oct,2017-Nov,2017-Dec,2018-Jan,2018-Feb,2018-Mar,2018-Apr,2018-May,2018-Jun,2018-Jul,2018-Aug,2018-Sep,2018-Oct,2018-Nov,2018-Dec,Total
BIO-CNG/BIO-GAS,0,0,0,0,0,0,0,0,0,0,0,0,0,0,0,0,0,0,0,0,0,0,0,0,0,0,0,0,0,0,0,0,0,0,0,0,0
CNG ONLY,0,2,0,7,0,0,4,0,0,0,0,0,0,1,1,0,0,0,0,1,0,0,0,0,1,0,1,3,0,0,4,0,1,2,1,0,29
DI-METHYL ETHER,0,0,0,0,0,0,0,0,0,0,0,0,0,0,0,0,0,0,0,0,0,0,0,0,0,0,0,0,0,0,0,0,0,0,0,0,0
DIESEL,13041,14015,14638,11564,13533,15224,14264,12045,13159,15206,15457,12004,13082,13583,17064,13764,11961,12842,13371,12698,13380,15777,16082,12991,14976,15129,15830,14764,14878,16011,17280,16151,16515,16219,17610,13513,519621
DIESEL/HYBRID,0,0,0,0,0,1,0,1,1,1,0,0,1,0,0,0,1,8,17,1,16,13,16,9,14,5,6,10,9,9,9,14,6,6,14,10,198
DUAL DIESEL/BIO CNG,0,0,0,0,0,0,0,0,0,0,0,0,0,0,0,0,0,0,0,0,0,0,0,0,0,0,0,0,0,0,0,0,0,0,0,0,0
DUAL DIESEL/CNG,0,0,0,0,0,0,0,0,0,0,0,0,0,0,0,0,0,0,0,0,0,0,0,0,0,0,0,0,0,0,0,0,0,0,0,0,0
DUAL DIESEL/LNG,0,0,0,0,0,0,0,0,0,0,0,0,0,0,0,0,0,0,0,0,0,0,0,0,0,0,0,0,0,0,0,0,0,0,0,0,0
ELECTRIC(BOV),5,4,6,2,4,3,0,2,4,1,2,5,3,3,8,8,3,4,1,1,6,9,7,21,3,20,45,39,87,75,106,73,128,116,117,120,1041
ETHANOL(E100),0,0,0,0,0,0,0,0,0,0,0,0,0,0,0,0,0,0,0,0,0,0,0,0,0,0,0,0,0,0,0,0,0,0,0,0,0
FLEX-FUEL(BIO-DIESEL),0,0,0,0,0,0,0,0,0,0,0,0,0,0,0,0,0,0,0,0,0,0,0,0,0,0,0,0,0,0,0,0,0,0,0,0,0
FLEX-FUEL(ETHANOL),0,0,0,0,0,0,0,0,0,0,0,0,0,0,0,0,0,0,0,0,0,0,0,0,0,0,0,0,0,0,0,0,0,0,0,0,0
FUEL CELL HYDROGEN,0,0,0,0,0,0,0,0,0,0,0,0,0,0,0,0,0,0,0,0,0,0,0,0,0,0,0,0,0,0,0,0,0,0,0,0,0
HCNG,0,0,0,0,0,0,0,0,0,0,0,0,0,0,0,0,0,0,0,0,0,0,0,0,0,0,0,0,0,0,0,0,0,0,0,0,0
HYDROGEN(ICE),0,0,0,0,0,0,0,0,0,0,0,0,0,0,0,0,0,0,0,0,0,0,0,0,0,0,0,0,0,0,0,0,0,0,0,0,0
LNG,0,0,0,0,0,0,0,0,0,0,0,0,0,0,0,0,0,0,0,0,0,0,0,0,0,0,0,0,0,0,0,0,0,0,0,0,0
LPG ONLY,2,3,1,0,2,1,0,0,0,0,0,0,10,1,0,0,0,1,0,0,1,0,0,0,0,0,0,0,0,0,0,2,0,0,0,0,24
METHANOL,0,0,0,0,0,0,0,0,0,0,0,0,0,0,0,0,0,0,0,0,0,0,0,0,0,0,0,0,0,0,0,0,0,0,0,0,0
NOT APPLICABLE,1114,1485,1812,1122,1333,1574,1589,1099,1370,1154,1355,1372,1058,1631,2104,1420,1267,1569,1514,1203,1582,1680,2121,1918,1547,1978,1959,1777,1734,1764,1815,1433,1768,1842,2161,1697,56921
PETROL,56468,61580,63398,56422,66976,65828,64156,47386,53805,59715,72924,58205,54997,56644,70220,72660,73297,62088,74539,62850,57437,78767,87329,62909,65230,64935,66410,72606,76354,74687,83833,69475,73944,66438,87795,70202,2412509
PETROL(E20),0,0,0,0,0,0,0,0,0,0,0,0,0,0,0,0,0,0,0,0,0,0,0,0,0,0,0,0,0,0,0,0,0,0,0,0,0
PETROL(E20)/CNG,0,0,0,0,0,0,0,0,0,0,0,0,0,0,0,0,0,0,0,0,0,0,0,0,0,0,0,0,0,0,0,0,0,0,0,0,0
PETROL(E20)/HYBRID,0,0,0,0,0,0,0,0,0,0,0,0,0,0,0,0,0,0,0,0,0,0,0,0,0,0,0,0,0,0,0,0,0,0,0,0,0
PETROL(E20)/HYBRID/CNG,0,0,0,0,0,0,0,0,0,0,0,0,0,0,0,0,0,0,0,0,0,0,0,0,0,0,0,0,0,0,0,0,0,0,0,0,0
PETROL(E20)/LPG,0,0,0,0,0,0,0,0,0,0,0,0,0,0,0,0,0,0,0,0,0,0,0,0,0,0,0,0,0,0,0,0,0,0,0,0,0
PETROL/CNG,57,60,45,101,68,51,64,61,127,74,69,21,49,43,63,46,46,67,66,60,32,37,51,45,72,91,122,116,98,115,108,161,167,123,132,124,2832
PETROL/HYBRID,1,0,0,0,0,0,0,1,2,0,0,0,0,0,1,1,10,19,13,8,7,4,4,5,13,9,3,5,8,4,5,7,8,13,14,7,172
PETROL/HYBRID/CNG,0,0,0,0,0,0,0,0,0,0,0,0,0,0,0,0,0,0,0,0,0,0,0,0,0,0,0,0,0,0,0,0,0,0,0,0,0
PETROL/LPG,779,934,880,1188,897,964,786,1151,1195,962,914,497,715,712,837,579,630,925,948,1012,854,1021,926,529,730,1006,930,968,960,885,1006,963,855,714,629,423,30904
PETROL/METHANOL,0,0,0,0,0,0,0,0,0,0,0,0,0,0,0,0,0,0,0,0,0,0,0,0,0,0,0,0,0,0,0,0,0,0,0,0,0
PLUG-IN HYBRID EV,0,0,0,0,0,0,0,0,0,0,0,0,0,0,0,0,0,0,0,0,0,0,0,0,0,0,0,0,0,0,0,0,0,0,0,0,0
PURE EV,0,0,0,0,0,0,0,0,0,0,0,0,0,0,0,0,0,0,0,0,0,0,0,0,0,0,0,0,0,0,0,0,0,0,0,0,0
SOLAR,0,0,0,0,0,0,0,0,0,0,0,0,0,0,0,0,0,0,0,0,0,0,0,0,0,0,0,0,0,0,0,0,0,0,0,0,0
STRONG HYBRID EV,0,0,0,0,0,0,0,0,0,0,0,0,0,0,0,0,0,0,0,0,0,0,0,0,0,0,0,0,0,0,0,0,0,0,0,0,0
Total,71467,78083,80780,70406,82813,83646,80863,61746,69663,77113,90721,72104,69915,72618,90298,88478,87215,77523,90469,77834,73315,97308,106536,78427,82586,83173,85306,90288,94128,93550,104166,88279,93392,85473,108473,86096,3024251
